{"options":{"check_for_updates":true,"comment":null,"compat_foreach":false,"compat_metadata":false,"compat_powerful_this":null,"compat_wrappedjsobject":false,"compatopts_for_requires":true,"noframes":null,"override":{"merge_connects":true,"merge_excludes":true,"merge_includes":true,"merge_matches":true,"orig_connects":[],"orig_excludes":[],"orig_includes":[],"orig_matches":["https://www.studocu.com/*"],"orig_noframes":null,"orig_run_at":"document-start","orig_run_in":[],"orig_tags":[],"use_blockers":[],"use_connects":[],"use_excludes":[],"use_includes":[],"use_matches":[]},"run_at":null,"run_in":null,"sandbox":null,"tags":[],"unwrap":null,"user_modified":null},"settings":{"enabled":true,"position":3},"meta":{"name":"Studocu Hack","uuid":"5f3a1d73-fef4-46dc-9c00-730ab8448983","modified":1744100107602,"file_url":"https://update.greasyfork.org/scripts/447526/Studocu%20Hack.user.js"}}