{"options":{"check_for_updates":true,"comment":null,"compat_foreach":false,"compat_metadata":false,"compat_powerful_this":null,"compat_wrappedjsobject":false,"compatopts_for_requires":true,"noframes":null,"override":{"merge_connects":true,"merge_excludes":true,"merge_includes":true,"merge_matches":true,"orig_connects":[],"orig_excludes":["*://accounts.youtube.com/*","*://www.youtube.com/live_chat_replay*","*://www.youtube.com/persist_identity*"],"orig_includes":["https://www.youtube.com","*://*.youtube.com/**"],"orig_matches":[],"orig_noframes":null,"orig_run_at":"document-start","orig_run_in":[],"orig_tags":[],"use_blockers":[],"use_connects":[],"use_excludes":[],"use_includes":[],"use_matches":[]},"run_at":null,"run_in":null,"sandbox":null,"tags":[],"unwrap":null,"user_modified":null},"settings":{"enabled":true,"position":4},"meta":{"name":"Youtubeᴾˡᵘˢ Super Assistant(Video Downloader & 🚫 No ads & New Layout For YT!)","uuid":"21893aa1-b5ed-47fe-a236-7851309b893b","modified":1744101496051,"file_url":"https://update.greasyfork.org/scripts/521538/Youtube%E1%B4%BE%CB%A1%E1%B5%98%CB%A2%20Super%20Assistant%28Video%20Downloader%20%20%F0%9F%9A%AB%20No%20ads%20%20New%20Layout%20For%20YT%21%29.user.js"}}